dataset,type,tool,threads,rep,walltime_s,reads_in,reads_out,pct_vs_opengene,validation,attempts,cpu_avg_pct,cpu_peak_pct,rss_peak_mib,gpu_util_avg_pct,gpu_util_peak_pct,gpu_mem_peak_mib,scenario
Panel_SE_148M,SE,opengene,1,1,50.828,0,0,baseline,CRASH,1,401.3,1007.0,225,0.8,2.0,0,default
Panel_SE_148M,SE,d0bromir_cpu,1,1,7.771,1381894,1381299,+2.8%,SKIP,1,158.4,158.4,120,0.0,0.0,0,default
Panel_SE_148M,SE,d0bromir_gpu,1,1,8.293,1381894,1381299,+9.7%,SKIP,1,182.6,182.6,149,1.0,1.0,0,default
Panel_SE_148M,SE,opengene,2,1,7.062,1381894,1381299,baseline,baseline,1,2496.2,2496.2,238,1.0,1.0,0,default
Panel_SE_148M,SE,d0bromir_cpu,2,1,4.741,1381894,1381299,-32.9%,PASS,1,0,0,0,0,0,0,default
Panel_SE_148M,SE,d0bromir_gpu,2,1,4.713,1381894,1381299,-33.3%,PASS,1,0,0,0,0,0,0,default
Panel_SE_148M,SE,opengene,4,1,4.155,1381894,1381299,baseline,baseline,1,0,0,0,0,0,0,default
Panel_SE_148M,SE,d0bromir_cpu,4,1,3.964,1381894,1381299,-4.6%,PASS,1,0,0,0,0,0,0,default
Panel_SE_148M,SE,d0bromir_gpu,4,1,4.007,1381894,1381299,-3.6%,PASS,1,0,0,0,0,0,0,default
Panel_SE_148M,SE,opengene,8,1,2.900,1381894,1381299,baseline,baseline,1,0,0,0,0,0,0,default
Panel_SE_148M,SE,d0bromir_cpu,8,1,3.817,1381894,1381299,+31.6%,PASS+FQ,1,0,0,0,0,0,0,default
Panel_SE_148M,SE,d0bromir_gpu,8,1,3.996,1381894,1381299,+37.8%,PASS+FQ,1,0,0,0,0,0,0,default
Panel_SE_148M,SE,opengene,16,1,50.815,0,0,baseline,CRASH,1,118.9,800.8,64,0.9,1.0,0,default
Panel_SE_148M,SE,d0bromir_cpu,16,1,3.883,1381894,1381299,+67.2%,SKIP,1,0,0,0,0,0,0,default
Panel_SE_148M,SE,d0bromir_gpu,16,1,3.950,1381894,1381299,+70.0%,SKIP,1,0,0,0,0,0,0,default
Panel_SE_148M,SE,opengene,32,1,2.434,1381894,1381299,baseline,baseline,1,0,0,0,0,0,0,default
Panel_SE_148M,SE,d0bromir_cpu,32,1,4.376,1381894,1381299,+79.8%,PASS,1,160.4,160.4,149,0.0,0.0,0,default
Panel_SE_148M,SE,d0bromir_gpu,32,1,3.949,1381894,1381299,+62.2%,PASS,1,0,0,0,0,0,0,default
Panel_PE_304M,PE,opengene,1,1,10.344,2763788,2761244,baseline,baseline,1,1380.1,1380.1,649,1.0,1.0,0,default
Panel_PE_304M,PE,d0bromir_cpu,1,1,10.852,2763788,2761244,+4.9%,PASS,1,645.1,987.8,1828,1.5,2.0,0,default
Panel_PE_304M,PE,d0bromir_gpu,1,1,10.945,2763788,2761244,+5.8%,PASS,1,225.0,299.5,1832,0.5,1.0,0,default
Panel_PE_304M,PE,opengene,2,1,11.644,2763788,2761244,baseline,baseline,1,446.4,557.7,1185,0.5,1.0,0,default
Panel_PE_304M,PE,d0bromir_cpu,2,1,7.044,2763788,2761244,-39.5%,PASS,1,146.5,146.5,673,2.0,2.0,0,default
Panel_PE_304M,PE,d0bromir_gpu,2,1,6.843,2763788,2761244,-41.2%,PASS,1,146.5,146.5,706,1.0,1.0,0,default
Panel_PE_304M,PE,opengene,4,1,6.508,2763788,2761244,baseline,baseline,1,1331.8,1331.8,697,0.0,0.0,0,default
Panel_PE_304M,PE,d0bromir_cpu,4,1,4.020,2763788,2761244,-38.2%,PASS,1,159.5,159.5,706,1.0,1.0,0,default
Panel_PE_304M,PE,d0bromir_gpu,4,1,4.574,2763788,2761244,-29.7%,PASS,1,0,0,0,0,0,0,default
Panel_PE_304M,PE,opengene,8,1,3.893,2763788,2761244,baseline,baseline,1,0,0,0,0,0,0,default
Panel_PE_304M,PE,d0bromir_cpu,8,1,3.365,2763788,2761244,-13.6%,PASS+FQ,1,0,0,0,0,0,0,default
Panel_PE_304M,PE,d0bromir_gpu,8,1,3.330,2763788,2761244,-14.5%,PASS+FQ,1,156.0,156.0,712,2.0,2.0,0,default
Panel_PE_304M,PE,opengene,16,1,2.586,2763788,2761244,baseline,baseline,1,0,0,0,0,0,0,default
Panel_PE_304M,PE,d0bromir_cpu,16,1,3.281,2763788,2761244,+26.9%,PASS,1,0,0,0,0,0,0,default
Panel_PE_304M,PE,d0bromir_gpu,16,1,3.505,2763788,2761244,+35.5%,PASS,1,158.8,158.8,713,1.0,1.0,0,default
Panel_PE_304M,PE,opengene,32,1,2.239,2763788,2761244,baseline,baseline,1,0,0,0,0,0,0,default
Panel_PE_304M,PE,d0bromir_cpu,32,1,3.375,2763788,2761244,+50.7%,PASS,1,0,0,0,0,0,0,default
Panel_PE_304M,PE,d0bromir_gpu,32,1,3.431,2763788,2761244,+53.2%,PASS,1,1054.1,1054.1,732,2.0,2.0,0,default
Panel_PDAC_PE_1M,PE,opengene,1,1,6.606,2072046,2051084,baseline,baseline,1,153.2,153.2,602,1.0,1.0,0,default
Panel_PDAC_PE_1M,PE,d0bromir_cpu,1,1,6.695,2072046,2051084,+1.3%,PASS,1,1053.5,1053.5,150,2.0,2.0,0,default
Panel_PDAC_PE_1M,PE,d0bromir_gpu,1,1,6.747,2072046,2051084,+2.1%,PASS,1,153.5,153.5,199,0.0,0.0,0,default
Panel_PDAC_PE_1M,PE,opengene,2,1,7.702,2072046,2051084,baseline,baseline,1,1047.2,1047.2,547,1.0,1.0,0,default
Panel_PDAC_PE_1M,PE,d0bromir_cpu,2,1,5.075,2072046,2051084,-34.1%,PASS,1,943.5,943.5,176,1.0,1.0,0,default
Panel_PDAC_PE_1M,PE,d0bromir_gpu,2,1,5.093,2072046,2051084,-33.9%,PASS,1,153.5,153.5,162,1.0,1.0,0,default
Panel_PDAC_PE_1M,PE,opengene,4,1,5.042,2072046,2051084,baseline,baseline,1,188.7,188.7,577,2.0,2.0,0,default
Panel_PDAC_PE_1M,PE,d0bromir_cpu,4,1,3.178,2072046,2051084,-37.0%,PASS,1,0,0,0,0,0,0,default
Panel_PDAC_PE_1M,PE,d0bromir_gpu,4,1,3.168,2072046,2051084,-37.2%,PASS,1,0,0,0,0,0,0,default
Panel_PDAC_PE_1M,PE,opengene,8,1,3.014,2072046,2051084,baseline,baseline,1,139.2,139.2,550,2.0,2.0,0,default
Panel_PDAC_PE_1M,PE,d0bromir_cpu,8,1,2.651,2072046,2051084,-12.0%,PASS+FQ,1,0,0,0,0,0,0,default
Panel_PDAC_PE_1M,PE,d0bromir_gpu,8,1,2.006,2072046,2051084,-33.4%,PASS+FQ,1,0,0,0,0,0,0,default
Panel_PDAC_PE_1M,PE,opengene,16,1,2.234,2072046,2051084,baseline,baseline,1,0,0,0,0,0,0,default
Panel_PDAC_PE_1M,PE,d0bromir_cpu,16,1,2.281,2072046,2051084,+2.1%,PASS,1,0,0,0,0,0,0,default
Panel_PDAC_PE_1M,PE,d0bromir_gpu,16,1,1.883,2072046,2051084,-15.7%,PASS,1,0,0,0,0,0,0,default
Panel_PDAC_PE_1M,PE,opengene,32,1,2.308,2072046,2051084,baseline,baseline,1,0,0,0,0,0,0,default
Panel_PDAC_PE_1M,PE,d0bromir_cpu,32,1,1.910,2072046,2051084,-17.2%,PASS,1,0,0,0,0,0,0,default
Panel_PDAC_PE_1M,PE,d0bromir_gpu,32,1,1.919,2072046,2051084,-16.9%,PASS,1,0,0,0,0,0,0,default
Panel_PDAC_PE_1.5M,PE,opengene,1,1,9.508,3077112,3042270,baseline,baseline,1,169.2,169.2,591,1.0,1.0,0,default
Panel_PDAC_PE_1.5M,PE,d0bromir_cpu,1,1,10.230,3077112,3042270,+7.6%,PASS,1,132.5,132.5,149,1.0,1.0,0,default
Panel_PDAC_PE_1.5M,PE,d0bromir_gpu,1,1,9.458,3077112,3042270,-0.5%,PASS,1,1050.5,1050.5,175,1.0,1.0,0,default
Panel_PDAC_PE_1.5M,PE,opengene,2,1,11.278,3077112,3042270,baseline,baseline,1,694.7,1152.2,1174,1.5,2.0,0,default
Panel_PDAC_PE_1.5M,PE,d0bromir_cpu,2,1,7.020,3077112,3042270,-37.8%,PASS,1,159.0,159.0,197,10.0,10.0,0,default
Panel_PDAC_PE_1.5M,PE,d0bromir_gpu,2,1,7.043,3077112,3042270,-37.6%,PASS,1,1050.5,1050.5,164,1.0,1.0,0,default
Panel_PDAC_PE_1.5M,PE,opengene,4,1,6.131,3077112,3042270,baseline,baseline,1,147.8,147.8,587,2.0,2.0,0,default
Panel_PDAC_PE_1.5M,PE,d0bromir_cpu,4,1,4.305,3077112,3042270,-29.8%,PASS,1,1054.3,1054.3,202,2.0,2.0,0,default
Panel_PDAC_PE_1.5M,PE,d0bromir_gpu,4,1,4.340,3077112,3042270,-29.2%,PASS,1,0,0,0,0,0,0,default
Panel_PDAC_PE_1.5M,PE,opengene,8,1,3.943,3077112,3042270,baseline,baseline,1,0,0,0,0,0,0,default
Panel_PDAC_PE_1.5M,PE,d0bromir_cpu,8,1,3.220,3077112,3042270,-18.3%,PASS+FQ,1,0,0,0,0,0,0,default
Panel_PDAC_PE_1.5M,PE,d0bromir_gpu,8,1,2.627,3077112,3042270,-33.4%,PASS+FQ,1,0,0,0,0,0,0,default
Panel_PDAC_PE_1.5M,PE,opengene,16,1,3.039,3077112,3042270,baseline,baseline,1,0,0,0,0,0,0,default
Panel_PDAC_PE_1.5M,PE,d0bromir_cpu,16,1,2.482,3077112,3042270,-18.3%,PASS,1,0,0,0,0,0,0,default
Panel_PDAC_PE_1.5M,PE,d0bromir_gpu,16,1,2.507,3077112,3042270,-17.5%,PASS,1,0,0,0,0,0,0,default
Panel_PDAC_PE_1.5M,PE,opengene,32,1,3.168,3077112,3042270,baseline,baseline,1,0,0,0,0,0,0,default
Panel_PDAC_PE_1.5M,PE,d0bromir_cpu,32,1,3.409,3077112,3042270,+7.6%,PASS,1,0,0,0,0,0,0,default
Panel_PDAC_PE_1.5M,PE,d0bromir_gpu,32,1,2.509,3077112,3042270,-20.8%,PASS,1,0,0,0,0,0,0,default
RNA_NextSeq_PE_1.2G,PE,opengene,1,1,58.101,53134688,51860270,baseline,baseline,1,738.2,1268.2,1169,2.8,12.0,0,default
RNA_NextSeq_PE_1.2G,PE,d0bromir_cpu,1,1,60.490,53134688,51860270,+4.1%,PASS,1,437.1,1168.3,1570,0.7,1.0,0,default
RNA_NextSeq_PE_1.2G,PE,d0bromir_gpu,1,1,56.084,53134688,51860270,-3.5%,PASS,1,558.0,1178.5,2300,2.2,10.0,1360,default
RNA_NextSeq_PE_1.2G,PE,opengene,2,1,69.383,53134688,51860270,baseline,baseline,1,624.2,1051.3,1150,0.8,2.0,0,default
RNA_NextSeq_PE_1.2G,PE,d0bromir_cpu,2,1,33.845,53134688,51860270,-51.2%,PASS,1,731.0,1273.2,1637,2.0,10.0,0,default
RNA_NextSeq_PE_1.2G,PE,d0bromir_gpu,2,1,36.779,53134688,51860270,-47.0%,PASS,1,634.0,1224.5,2491,3.3,12.0,1360,default
RNA_NextSeq_PE_1.2G,PE,opengene,4,1,35.594,53134688,51860270,baseline,baseline,1,555.2,1285.3,1171,1.3,2.0,0,default
RNA_NextSeq_PE_1.2G,PE,d0bromir_cpu,4,1,18.799,53134688,51860270,-47.2%,PASS,1,1134.8,1560.2,1757,5.0,12.0,0,default
RNA_NextSeq_PE_1.2G,PE,d0bromir_gpu,4,1,19.230,53134688,51860270,-46.0%,PASS,1,1011.5,1648.4,2517,5.1,6.0,1360,default
RNA_NextSeq_PE_1.2G,PE,opengene,8,1,22.830,53134688,51860270,baseline,baseline,1,1083.7,1670.2,1223,0.5,1.0,0,default
RNA_NextSeq_PE_1.2G,PE,d0bromir_cpu,8,1,10.948,53134688,51860270,-52.0%,PASS+FQ,1,837.1,1524.1,1791,0.5,1.0,0,default
RNA_NextSeq_PE_1.2G,PE,d0bromir_gpu,8,1,12.410,53134688,51860270,-45.6%,PASS+FQ,1,1501.7,2233.2,2624,9.8,12.0,1360,default
RNA_NextSeq_PE_1.2G,PE,opengene,16,1,27.521,53134688,51860270,baseline,baseline,1,995.9,1033.1,1320,0.8,1.0,0,default
RNA_NextSeq_PE_1.2G,PE,d0bromir_cpu,16,1,9.552,53134688,51860270,-65.3%,PASS,1,850.1,850.1,232,1.0,1.0,0,default
RNA_NextSeq_PE_1.2G,PE,d0bromir_gpu,16,1,12.988,53134688,51860270,-52.8%,PASS,1,1375.8,2278.2,2679,10.1,13.0,1360,default
RNA_NextSeq_PE_1.2G,PE,opengene,32,1,22.250,53134688,51860270,baseline,baseline,1,1084.1,1164.1,1482,0.7,1.0,0,default
RNA_NextSeq_PE_1.2G,PE,d0bromir_cpu,32,1,9.344,53134688,51860270,-58.0%,PASS,1,850.1,850.1,239,1.0,1.0,0,default
RNA_NextSeq_PE_1.2G,PE,d0bromir_gpu,32,1,13.111,53134688,51860270,-41.1%,PASS,1,1082.5,1602.2,2950,10.0,12.0,1360,default
RNA_HiSeq2500_PE_3.1G,PE,opengene,1,1,133.710,34166828,33840262,baseline,baseline,1,585.3,1063.2,1196,0.8,2.0,0,default
RNA_HiSeq2500_PE_3.1G,PE,d0bromir_cpu,1,1,168.303,34166828,33840262,+25.9%,PASS,1,535.5,1058.1,1888,0.8,2.0,0,default
RNA_HiSeq2500_PE_3.1G,PE,d0bromir_gpu,1,1,143.741,34166828,33840262,+7.5%,PASS,1,486.0,1048.5,2625,2.0,2.0,1360,default
RNA_HiSeq2500_PE_3.1G,PE,opengene,2,1,144.154,34166828,33840262,baseline,baseline,1,509.6,938.3,1178,0.6,2.0,0,default
RNA_HiSeq2500_PE_3.1G,PE,d0bromir_cpu,2,1,86.782,34166828,33840262,-39.8%,PASS,1,552.9,1135.3,2043,0.9,1.0,0,default
RNA_HiSeq2500_PE_3.1G,PE,d0bromir_gpu,2,1,76.001,34166828,33840262,-47.3%,PASS,1,703.2,1262.5,2782,3.7,4.0,1360,default
RNA_HiSeq2500_PE_3.1G,PE,opengene,4,1,74.642,34166828,33840262,baseline,baseline,1,740.6,1266.3,1202,0.9,2.0,0,default
RNA_HiSeq2500_PE_3.1G,PE,d0bromir_cpu,4,1,44.421,34166828,33840262,-40.5%,PASS,1,930.7,1533.1,2128,1.0,2.0,0,default
RNA_HiSeq2500_PE_3.1G,PE,d0bromir_gpu,4,1,40.575,34166828,33840262,-45.6%,PASS,1,1023.8,1672.4,2811,6.3,7.0,1360,default
RNA_HiSeq2500_PE_3.1G,PE,opengene,8,1,39.730,34166828,33840262,baseline,baseline,1,976.1,1675.2,1254,2.4,12.0,0,default
RNA_HiSeq2500_PE_3.1G,PE,d0bromir_cpu,8,1,23.406,34166828,33840262,-41.1%,PASS+FQ,1,1574.6,2369.1,2266,0.5,1.0,0,default
RNA_HiSeq2500_PE_3.1G,PE,d0bromir_gpu,8,1,22.432,34166828,33840262,-43.5%,PASS+FQ,1,1554.6,2411.3,3051,12.8,14.0,1360,default
RNA_HiSeq2500_PE_3.1G,PE,opengene,16,1,26.149,34166828,33840262,baseline,baseline,1,1638.1,2188.1,1348,0.2,1.0,0,default
RNA_HiSeq2500_PE_3.1G,PE,d0bromir_cpu,16,1,18.222,34166828,33840262,-30.3%,PASS,1,1661.2,2611.1,2432,1.3,2.0,0,default
RNA_HiSeq2500_PE_3.1G,PE,d0bromir_gpu,16,1,19.762,34166828,33840262,-24.4%,PASS,1,1731.6,2624.3,3277,14.2,16.0,1360,default
RNA_HiSeq2500_PE_3.1G,PE,opengene,32,1,27.225,34166828,33840262,baseline,baseline,1,1616.8,2400.1,1563,0.6,2.0,0,default
RNA_HiSeq2500_PE_3.1G,PE,d0bromir_cpu,32,1,18.090,34166828,33840262,-33.6%,PASS,1,1914.0,3072.1,2985,0.3,1.0,0,default
RNA_HiSeq2500_PE_3.1G,PE,d0bromir_gpu,32,1,19.837,34166828,33840262,-27.1%,PASS,1,1899.2,2740.3,3885,14.4,19.0,1360,default
WGS_HiSeqX_PE_5.4G,PE,opengene,1,1,300.293,70361832,67802584,baseline,baseline,1,560.0,1030.3,1195,1.0,12.0,0,default
WGS_HiSeqX_PE_5.4G,PE,d0bromir_cpu,1,1,425.626,70361832,67802584,+41.7%,PASS,1,358.2,1002.2,1934,1.0,12.0,0,default
WGS_HiSeqX_PE_5.4G,PE,d0bromir_gpu,1,1,374.755,70361832,67802584,+24.8%,PASS,1,443.8,1008.4,2682,1.6,2.0,1360,default
WGS_HiSeqX_PE_5.4G,PE,opengene,2,1,292.574,70361832,67802584,baseline,baseline,1,547.7,1037.2,1185,0.8,2.0,0,default
WGS_HiSeqX_PE_5.4G,PE,d0bromir_cpu,2,1,215.901,70361832,67802584,-26.2%,PASS,1,697.0,1180.1,2095,1.1,10.0,0,default
WGS_HiSeqX_PE_5.4G,PE,d0bromir_gpu,2,1,195.070,70361832,67802584,-33.3%,PASS,1,594.9,1186.4,2942,2.8,12.0,1360,default
WGS_HiSeqX_PE_5.4G,PE,opengene,4,1,148.282,70361832,67802584,baseline,baseline,1,765.9,1266.1,1221,1.0,12.0,0,default
WGS_HiSeqX_PE_5.4G,PE,d0bromir_cpu,4,1,110.822,70361832,67802584,-25.3%,PASS,1,1199.7,1532.2,2349,1.5,12.0,0,default
WGS_HiSeqX_PE_5.4G,PE,d0bromir_gpu,4,1,100.654,70361832,67802584,-32.1%,PASS,1,980.5,1550.4,2952,5.7,8.0,1360,default
WGS_HiSeqX_PE_5.4G,PE,opengene,8,1,78.130,70361832,67802584,baseline,baseline,1,941.0,1597.2,1296,1.6,12.0,0,default
WGS_HiSeqX_PE_5.4G,PE,d0bromir_cpu,8,1,57.804,70361832,67802584,-26.0%,PASS+FQ,1,1619.8,2115.1,2877,0.8,2.0,0,default
WGS_HiSeqX_PE_5.4G,PE,d0bromir_gpu,8,1,54.163,70361832,67802584,-30.7%,PASS+FQ,1,1587.6,2222.3,3662,10.9,13.0,1360,default
WGS_HiSeqX_PE_5.4G,PE,opengene,16,1,53.890,70361832,67802584,baseline,baseline,1,1488.0,2111.0,1428,0.8,2.0,0,default
WGS_HiSeqX_PE_5.4G,PE,d0bromir_cpu,16,1,38.570,70361832,67802584,-28.4%,PASS,1,2037.0,2794.0,2596,0.5,1.0,0,default
WGS_HiSeqX_PE_5.4G,PE,d0bromir_gpu,16,1,39.769,70361832,67802584,-26.2%,PASS,1,2155.5,2820.3,3459,14.1,18.0,1360,default
WGS_HiSeqX_PE_5.4G,PE,opengene,32,1,53.942,70361832,67802584,baseline,baseline,1,1666.3,2391.1,1636,1.8,10.0,0,default
WGS_HiSeqX_PE_5.4G,PE,d0bromir_cpu,32,1,38.860,70361832,67802584,-28.0%,PASS,1,2143.2,3117.1,3123,2.5,12.0,0,default
WGS_HiSeqX_PE_5.4G,PE,d0bromir_gpu,32,1,40.911,70361832,67802584,-24.2%,PASS,1,2154.9,2889.3,3996,14.3,18.0,1360,default
WGS_HiSeqX_PE_5.7G,PE,opengene,1,1,352.003,0,0,baseline,CRASH,1,494.7,1047.0,1198,0.9,12.0,0,default
WGS_HiSeqX_PE_5.7G,PE,d0bromir_cpu,1,1,452.493,74777298,71682052,+41.3%,SKIP,1,504.5,1005.2,1928,1.4,12.0,0,default
WGS_HiSeqX_PE_5.7G,PE,d0bromir_gpu,1,1,397.949,74777298,71682052,+24.3%,SKIP,1,425.4,1008.4,2667,1.5,2.0,1360,default
WGS_HiSeqX_PE_5.7G,PE,opengene,2,1,311.273,74777298,71682052,baseline,baseline,1,301.6,536.2,1183,0.8,2.0,0,default
WGS_HiSeqX_PE_5.7G,PE,d0bromir_cpu,2,1,229.712,74777298,71682052,-26.2%,PASS,1,499.4,778.2,2055,1.1,10.0,0,default
WGS_HiSeqX_PE_5.7G,PE,d0bromir_gpu,2,1,204.053,74777298,71682052,-34.4%,PASS,1,521.1,894.4,2811,2.6,4.0,1360,default
WGS_HiSeqX_PE_5.7G,PE,opengene,4,1,158.095,74777298,71682052,baseline,baseline,1,596.8,966.2,1220,1.2,12.0,0,default
WGS_HiSeqX_PE_5.7G,PE,d0bromir_cpu,4,1,117.580,74777298,71682052,-25.6%,PASS,1,912.4,1328.1,2396,0.8,2.0,0,default
WGS_HiSeqX_PE_5.7G,PE,d0bromir_gpu,4,1,106.815,74777298,71682052,-32.4%,PASS,1,853.9,1250.4,2961,5.8,12.0,1360,default
WGS_HiSeqX_PE_5.7G,PE,opengene,8,1,82.703,74777298,71682052,baseline,baseline,1,1010.1,1405.2,1295,0.9,1.0,0,default
WGS_HiSeqX_PE_5.7G,PE,d0bromir_cpu,8,1,60.724,74777298,71682052,-26.6%,PASS+FQ,1,1368.4,1925.1,2610,1.0,2.0,0,default
WGS_HiSeqX_PE_5.7G,PE,d0bromir_gpu,8,1,56.356,74777298,71682052,-31.9%,PASS+FQ,1,1513.7,1958.3,3358,11.0,14.0,1360,default
WGS_HiSeqX_PE_5.7G,PE,opengene,16,1,56.557,74777298,71682052,baseline,baseline,1,1515.3,2037.1,1435,0.7,2.0,0,default
WGS_HiSeqX_PE_5.7G,PE,d0bromir_cpu,16,1,40.981,74777298,71682052,-27.5%,PASS,1,2131.9,2762.0,2489,0.7,2.0,0,default
WGS_HiSeqX_PE_5.7G,PE,d0bromir_gpu,16,1,44.483,74777298,71682052,-21.3%,PASS,1,1867.9,2532.3,3399,13.7,18.0,1360,default
WGS_HiSeqX_PE_5.7G,PE,opengene,32,1,58.453,74777298,71682052,baseline,baseline,1,1645.2,2134.0,1645,2.1,12.0,0,default
WGS_HiSeqX_PE_5.7G,PE,d0bromir_cpu,32,1,41.970,74777298,71682052,-28.2%,PASS,1,2103.5,2846.1,3089,0.6,1.0,0,default
WGS_HiSeqX_PE_5.7G,PE,d0bromir_gpu,32,1,44.211,74777298,71682052,-24.4%,PASS,1,2076.4,2642.3,4068,13.7,17.0,1360,default
RNA_HiSeqX_PE_6.1G,PE,opengene,1,1,309.974,143110794,140176916,baseline,baseline,1,402.4,860.1,1187,0.8,2.0,0,default
RNA_HiSeqX_PE_6.1G,PE,d0bromir_cpu,1,1,419.419,143110794,140176916,+35.3%,PASS,1,443.8,820.2,1735,0.9,10.0,0,default
RNA_HiSeqX_PE_6.1G,PE,d0bromir_gpu,1,1,361.855,143110794,140176916,+16.7%,PASS,1,398.3,829.4,2476,2.0,12.0,1360,default
RNA_HiSeqX_PE_6.1G,PE,opengene,2,1,328.485,143110794,140176916,baseline,baseline,1,461.9,842.2,1166,0.7,2.0,0,default
RNA_HiSeqX_PE_6.1G,PE,d0bromir_cpu,2,1,215.691,143110794,140176916,-34.3%,PASS,1,648.9,1006.2,1907,0.9,2.0,0,default
RNA_HiSeqX_PE_6.1G,PE,d0bromir_gpu,2,1,192.177,143110794,140176916,-41.5%,PASS,1,595.5,1024.4,2541,3.0,12.0,1360,default
RNA_HiSeqX_PE_6.1G,PE,opengene,4,1,168.103,143110794,140176916,baseline,baseline,1,680.2,1075.1,1189,0.9,2.0,0,default
RNA_HiSeqX_PE_6.1G,PE,d0bromir_cpu,4,1,110.574,143110794,140176916,-34.2%,PASS,1,963.4,1382.2,2058,1.3,12.0,0,default
RNA_HiSeqX_PE_6.1G,PE,d0bromir_gpu,4,1,102.525,143110794,140176916,-39.0%,PASS,1,1003.8,1500.4,2796,5.8,7.0,1360,default
RNA_HiSeqX_PE_6.1G,PE,opengene,8,1,272.185,0,0,baseline,CRASH,1,997.3,1619.1,1237,0.8,10.0,0,default
RNA_HiSeqX_PE_6.1G,PE,d0bromir_cpu,8,1,57.329,143110794,140176916,-33.5%,SKIP,1,1636.9,2214.1,2036,0.9,2.0,0,default
RNA_HiSeqX_PE_6.1G,PE,d0bromir_gpu,8,1,54.296,143110794,140176916,-37.1%,SKIP,1,1586.0,2192.3,2901,11.3,12.0,1360,default
RNA_HiSeqX_PE_6.1G,PE,opengene,16,1,257.864,0,0,baseline,CRASH,1,960.2,1966.1,1333,0.9,2.0,0,default
RNA_HiSeqX_PE_6.1G,PE,d0bromir_cpu,16,1,39.494,143110794,140176916,-45.0%,SKIP,1,2422.7,3033.1,2231,1.0,1.0,0,default
RNA_HiSeqX_PE_6.1G,PE,d0bromir_gpu,16,1,41.088,143110794,140176916,-42.7%,SKIP,1,2075.8,2863.3,2941,15.3,17.0,1360,default
RNA_HiSeqX_PE_6.1G,PE,opengene,32,1,72.569,143110794,140176916,baseline,baseline,1,1764.0,2136.0,1516,0.8,2.0,0,default
RNA_HiSeqX_PE_6.1G,PE,d0bromir_cpu,32,1,39.120,143110794,140176916,-46.1%,PASS,1,2098.7,2945.0,2591,2.2,10.0,0,default
RNA_HiSeqX_PE_6.1G,PE,d0bromir_gpu,32,1,41.496,143110794,140176916,-42.8%,PASS,1,2210.3,2911.3,3350,15.3,18.0,1360,default
WGS_SE_6.3G,SE,opengene,1,1,295.811,80314764,77515798,baseline,baseline,1,475.6,898.2,1308,1.3,12.0,0,default
WGS_SE_6.3G,SE,d0bromir_cpu,1,1,283.095,80314764,77515798,-4.3%,PASS,1,427.3,794.2,1836,1.0,12.0,0,default
WGS_SE_6.3G,SE,d0bromir_gpu,1,1,286.431,80314764,77515798,-3.2%,PASS,1,396.9,778.4,2577,1.3,3.0,1360,default
WGS_SE_6.3G,SE,opengene,2,1,251.435,80314764,77515798,baseline,baseline,1,495.6,842.0,1282,1.0,10.0,0,default
WGS_SE_6.3G,SE,d0bromir_cpu,2,1,147.965,80314764,77515798,-41.2%,PASS,1,508.1,982.2,1833,0.6,2.0,0,default
WGS_SE_6.3G,SE,d0bromir_gpu,2,1,153.002,80314764,77515798,-39.1%,PASS,1,526.4,1027.3,2600,2.4,5.0,1360,default
WGS_SE_6.3G,SE,opengene,4,1,137.915,80314764,77515798,baseline,baseline,1,662.5,1134.2,1291,1.0,2.0,0,default
WGS_SE_6.3G,SE,d0bromir_cpu,4,1,80.480,80314764,77515798,-41.6%,PASS,1,759.3,1315.1,1674,1.2,2.0,0,default
WGS_SE_6.3G,SE,d0bromir_gpu,4,1,83.946,80314764,77515798,-39.1%,PASS,1,769.8,1341.3,2577,4.9,8.0,1360,default
WGS_SE_6.3G,SE,opengene,8,1,352.967,0,0,baseline,CRASH,1,633.6,1210.2,1296,1.5,12.0,0,default
WGS_SE_6.3G,SE,d0bromir_cpu,8,1,78.857,80314764,77515798,-76.3%,SKIP,1,851.9,1384.2,1516,1.1,2.0,0,default
WGS_SE_6.3G,SE,d0bromir_gpu,8,1,83.276,80314764,77515798,-74.9%,SKIP,1,731.0,1392.3,2507,5.4,12.0,1360,default
WGS_SE_6.3G,SE,opengene,16,1,200.896,80314764,77515798,baseline,baseline,1,600.7,1196.1,1293,0.8,2.0,0,default
WGS_SE_6.3G,SE,d0bromir_cpu,16,1,80.101,80314764,77515798,-60.1%,PASS,1,805.9,1518.1,1608,1.1,2.0,0,default
WGS_SE_6.3G,SE,d0bromir_gpu,16,1,81.728,80314764,77515798,-59.3%,PASS,1,801.1,1444.3,2567,5.0,6.0,1360,default
WGS_SE_6.3G,SE,opengene,32,1,189.416,80314764,77515798,baseline,baseline,1,762.4,1296.1,1307,1.2,12.0,0,default
WGS_SE_6.3G,SE,d0bromir_cpu,32,1,79.298,80314764,77515798,-58.1%,PASS,1,795.7,1530.1,1855,1.5,12.0,0,default
WGS_SE_6.3G,SE,d0bromir_gpu,32,1,82.659,80314764,77515798,-56.4%,PASS,1,865.7,1583.3,2723,5.2,6.0,1360,default
WGS_PE_12.8G,PE,opengene,1,1,451.014,160629528,147153690,baseline,baseline,1,486.5,1077.1,1201,1.1,12.0,0,default
WGS_PE_12.8G,PE,d0bromir_cpu,1,1,628.655,160629528,147153690,+39.4%,PASS,1,435.3,937.2,1830,1.2,12.0,0,default
WGS_PE_12.8G,PE,d0bromir_gpu,1,1,551.405,160629528,147153690,+22.3%,PASS,1,471.6,1080.9,2559,1.0,2.0,1360,default
WGS_PE_12.8G,PE,opengene,2,1,521.724,160629528,147153690,baseline,baseline,1,430.9,944.2,1170,1.0,12.0,0,default
WGS_PE_12.8G,PE,d0bromir_cpu,2,1,323.699,160629528,147153690,-38.0%,PASS,1,648.4,1140.2,2166,1.1,12.0,0,default
WGS_PE_12.8G,PE,d0bromir_gpu,2,1,286.095,160629528,147153690,-45.2%,PASS,1,705.3,1161.4,2685,2.1,3.0,1360,default
WGS_PE_12.8G,PE,opengene,4,1,263.773,160629528,147153690,baseline,baseline,1,654.9,1183.2,1203,0.7,2.0,0,default
WGS_PE_12.8G,PE,d0bromir_cpu,4,1,164.601,160629528,147153690,-37.6%,PASS,1,1003.7,1445.2,2137,0.5,1.0,0,default
WGS_PE_12.8G,PE,d0bromir_gpu,4,1,148.665,160629528,147153690,-43.6%,PASS,1,1058.6,1586.4,3087,4.5,6.0,1360,default
WGS_PE_12.8G,PE,opengene,8,1,138.233,160629528,147153690,baseline,baseline,1,1131.7,1734.2,1271,0.7,2.0,0,default
WGS_PE_12.8G,PE,d0bromir_cpu,8,1,86.722,160629528,147153690,-37.3%,PASS+FQ,1,1654.9,2319.1,2558,1.2,10.0,0,default
WGS_PE_12.8G,PE,d0bromir_gpu,8,1,78.619,160629528,147153690,-43.1%,PASS+FQ,1,1751.3,2398.4,3401,8.9,10.0,1360,default
WGS_PE_12.8G,PE,opengene,16,1,116.057,160629528,147153690,baseline,baseline,1,1338.2,1922.2,1408,0.9,2.0,0,default
WGS_PE_12.8G,PE,d0bromir_cpu,16,1,70.862,160629528,147153690,-38.9%,PASS,1,2140.3,2717.0,2405,1.0,2.0,0,default
WGS_PE_12.8G,PE,d0bromir_gpu,16,1,74.791,160629528,147153690,-35.6%,PASS,1,1970.1,2581.3,3256,9.6,12.0,1360,default
WGS_PE_12.8G,PE,opengene,32,1,118.085,160629528,147153690,baseline,baseline,1,1508.0,2044.2,1616,0.7,2.0,0,default
WGS_PE_12.8G,PE,d0bromir_cpu,32,1,71.520,160629528,147153690,-39.4%,PASS,1,2105.4,2792.2,2813,2.0,12.0,0,default
WGS_PE_12.8G,PE,d0bromir_gpu,32,1,75.024,160629528,147153690,-36.5%,PASS,1,1995.8,2649.4,3713,9.3,12.0,1360,default
WGS_PE_18.2G,PE,opengene,1,1,635.866,234238034,217840930,baseline,baseline,1,556.9,984.2,1195,1.1,12.0,0,default
WGS_PE_18.2G,PE,d0bromir_cpu,1,1,844.041,234238034,217840930,+32.7%,PASS,1,472.3,951.1,1832,1.2,12.0,0,default
WGS_PE_18.2G,PE,d0bromir_gpu,1,1,727.172,234238034,217840930,+14.4%,PASS,1,491.5,1059.4,2567,1.0,2.0,1360,default
WGS_PE_18.2G,PE,opengene,2,1,750.289,234238034,217840930,baseline,baseline,1,505.0,1044.1,1171,0.8,9.0,0,default
WGS_PE_18.2G,PE,d0bromir_cpu,2,1,431.609,234238034,217840930,-42.5%,PASS,1,664.5,1156.2,2007,0.9,2.0,0,default
WGS_PE_18.2G,PE,d0bromir_gpu,2,1,385.517,234238034,217840930,-48.6%,PASS,1,708.3,1176.5,2894,2.4,3.0,1360,default
WGS_PE_18.2G,PE,opengene,4,1,383.029,234238034,217840930,baseline,baseline,1,666.9,1180.2,1204,1.1,12.0,0,default
WGS_PE_18.2G,PE,d0bromir_cpu,4,1,221.109,234238034,217840930,-42.3%,PASS,1,1145.7,1585.2,2179,1.4,12.0,0,default
WGS_PE_18.2G,PE,d0bromir_gpu,4,1,195.691,234238034,217840930,-48.9%,PASS,1,1178.9,1635.4,3256,5.4,6.0,1360,default
WGS_PE_18.2G,PE,opengene,8,1,197.647,234238034,217840930,baseline,baseline,1,1066.5,1641.2,1273,1.0,12.0,0,default
WGS_PE_18.2G,PE,d0bromir_cpu,8,1,117.166,234238034,217840930,-40.7%,PASS+FQ,1,1774.4,2381.2,2678,1.7,12.0,0,default
WGS_PE_18.2G,PE,d0bromir_gpu,8,1,102.416,234238034,217840930,-48.2%,PASS+FQ,1,1932.5,2503.4,3454,9.8,11.0,1360,default
WGS_PE_18.2G,PE,opengene,16,1,166.992,234238034,217840930,baseline,baseline,1,1428.3,2060.2,1413,0.8,10.0,0,default
WGS_PE_18.2G,PE,d0bromir_cpu,16,1,99.692,234238034,217840930,-40.3%,PASS,1,2217.1,2910.2,2541,0.8,2.0,0,default
WGS_PE_18.2G,PE,d0bromir_gpu,16,1,103.626,234238034,217840930,-37.9%,PASS,1,1978.6,2676.4,3166,10.0,12.0,1360,default
WGS_PE_18.2G,PE,opengene,32,1,173.710,234238034,217840930,baseline,baseline,1,1649.1,2181.1,1614,1.1,10.0,0,default
WGS_PE_18.2G,PE,d0bromir_cpu,32,1,99.749,234238034,217840930,-42.6%,PASS,1,2434.8,2942.2,2831,0.7,2.0,0,default
WGS_PE_18.2G,PE,d0bromir_gpu,32,1,102.694,234238034,217840930,-40.9%,PASS,1,2179.3,2687.4,3743,10.0,13.0,1360,default
BS_HiSeq_SE_26.8G,SE,opengene,1,1,1799.980,0,0,baseline,CRASH,1,443.3,916.2,1265,0.9,10.0,0,default
BS_HiSeq_SE_26.8G,SE,d0bromir_cpu,1,1,1799.878,0,0,-31.8%,CRASH,3,431.3,1003.2,1673,1.1,12.0,0,default
BS_HiSeq_SE_26.8G,SE,d0bromir_gpu,1,1,1803.120,0,0,-31.7%,CRASH,3,452.6,1023.4,2387,2.0,12.0,1360,default
BS_HiSeq_SE_26.8G,SE,opengene,2,1,1799.962,0,0,baseline,CRASH,1,544.0,1170.2,1245,0.8,12.0,0,default
BS_HiSeq_SE_26.8G,SE,d0bromir_cpu,2,1,1449.598,1383062125,1382940338,-48.3%,SKIP,1,647.8,1175.2,1849,1.0,12.0,0,default
Panel_SE_148M,SE,opengene,1,1,7.563,1381894,1381299,baseline,baseline,1,1007.1,1007.1,205,1.0,1.0,0,default
Panel_SE_148M,SE,opengene,16,1,2.323,1381894,1381299,baseline,baseline,1,0,0,0,0,0,0,default
WGS_HiSeqX_PE_5.7G,PE,opengene,1,1,320.268,74777298,71682052,baseline,baseline,1,492.4,1033.5,1194,0.9,2.0,0,default
RNA_HiSeqX_PE_6.1G,PE,opengene,8,1,86.267,143110794,140176916,baseline,baseline,1,1116.1,1718.3,1232,0.5,1.0,0,default
RNA_HiSeqX_PE_6.1G,PE,opengene,16,1,255.688,0,0,baseline,TIMEOUT,1,1072.3,2082.1,1337,1.2,10.0,0,default
WGS_SE_6.3G,SE,opengene,8,1,338.607,0,0,baseline,TIMEOUT,1,699.8,1310.2,1301,1.2,10.0,0,default
RNA_HiSeqX_PE_6.1G,PE,opengene,16,1,71.752,143110794,140176916,baseline,baseline,1,1450.1,2070.0,1328,0.7,2.0,0,default
WGS_SE_6.3G,SE,opengene,8,1,332.348,0,0,baseline,TIMEOUT,1,658.0,1333.4,1302,0.9,2.0,0,default
BS_HiSeq_SE_26.8G,SE,opengene,1,1,2640.001,1383062125,1382940338,baseline,baseline,1,460.0,1019.2,1264,1.0,12.0,0,default
BS_HiSeq_SE_26.8G,SE,d0bromir_cpu,1,1,2495.379,1383062125,1382940338,-5.5%,PASS,1,445.3,1103.2,1682,1.0,12.0,0,default
BS_HiSeq_SE_26.8G,SE,d0bromir_gpu,1,1,2038.773,1383062125,1382940338,-22.8%,PASS,1,483.9,1123.4,2391,2.0,12.0,1360,default
BS_HiSeq_SE_26.8G,SE,opengene,2,1,2806.204,1383062125,1382940338,baseline,baseline,1,532.2,1072.2,1251,0.9,12.0,0,default
BS_HiSeq_SE_26.8G,SE,d0bromir_gpu,2,1,1202.631,1383062125,1382940338,-57.1%,PASS,1,683.9,1305.4,2532,3.8,12.0,1360,default
BS_HiSeq_SE_26.8G,SE,opengene,4,1,2998.891,1383062125,1382940338,baseline,baseline,1,586.1,1237.2,1246,1.1,12.0,0,default
BS_HiSeq_SE_26.8G,SE,d0bromir_cpu,4,1,829.681,1383062125,1382940338,-72.3%,PASS,1,961.4,1500.2,1915,1.1,12.0,0,default
BS_HiSeq_SE_26.8G,SE,d0bromir_gpu,4,1,727.627,1383062125,1382940338,-75.7%,PASS,1,990.4,1533.4,2647,6.0,12.0,1360,default
BS_HiSeq_SE_26.8G,SE,opengene,8,1,3158.847,1383062125,1382940338,baseline,baseline,1,616.8,1248.2,1246,0.9,12.0,0,default
BS_HiSeq_SE_26.8G,SE,d0bromir_cpu,8,1,510.824,1383062125,1382940338,-83.8%,PASS+FQ,1,1529.6,2074.2,1958,1.1,12.0,0,default
BS_HiSeq_SE_26.8G,SE,d0bromir_gpu,8,1,448.128,1383062125,1382940338,-85.8%,PASS+FQ,1,1539.4,2113.5,2683,9.8,12.0,1360,default
BS_HiSeq_SE_26.8G,SE,opengene,16,1,3152.836,1383062125,1382940338,baseline,baseline,1,634.5,1173.1,1243,0.9,10.0,0,default
BS_HiSeq_SE_26.8G,SE,d0bromir_cpu,16,1,545.536,1383062125,1382940338,-82.7%,PASS,1,1664.7,2279.2,1644,1.3,12.0,0,default
BS_HiSeq_SE_26.8G,SE,d0bromir_gpu,16,1,422.536,1383062125,1382940338,-86.6%,PASS,1,1781.4,2402.4,2602,10.3,13.0,1360,default
BS_HiSeq_SE_26.8G,SE,opengene,32,1,3223.929,1383062125,1382940338,baseline,baseline,1,661.8,1298.2,1314,0.9,12.0,0,default
BS_HiSeq_SE_26.8G,SE,d0bromir_cpu,32,1,493.642,1383062125,1382940338,-84.7%,PASS,1,1848.0,2441.2,1990,1.3,12.0,0,default
BS_HiSeq_SE_26.8G,SE,d0bromir_gpu,32,1,393.802,1383062125,1382940338,-87.8%,PASS,1,2028.5,2615.4,2789,11.1,13.0,1360,default
WGS_PE_40G,PE,opengene,1,1,3018.691,0,0,baseline,TIMEOUT,1,474.5,1018.2,1199,1.0,12.0,0,default
WGS_PE_40G,PE,d0bromir_cpu,1,1,3599.736,0,0,+19.2%,TIMEOUT,1,458.2,1088.2,1969,1.0,12.0,0,default
WGS_PE_40G,PE,d0bromir_gpu,1,1,3601.657,0,0,+19.3%,TIMEOUT,1,452.9,1095.4,2704,1.9,2.0,1360,default
WGS_PE_40G,PE,opengene,2,1,2727.412,722563222,717214748,baseline,baseline,1,515.1,1135.2,1191,1.0,12.0,0,default
WGS_PE_40G,PE,d0bromir_cpu,2,1,2160.355,722563222,717214748,-20.8%,PASS,1,626.4,1155.2,2406,1.0,12.0,0,default
WGS_PE_40G,PE,d0bromir_gpu,2,1,1893.136,722563222,717214748,-30.6%,PASS,1,621.4,1261.4,3222,3.7,12.0,1360,default
WGS_PE_40G,PE,opengene,4,1,1389.908,722563222,717214748,baseline,baseline,1,752.1,1263.2,1231,1.1,12.0,0,default
WGS_PE_40G,PE,d0bromir_cpu,4,1,1096.688,722563222,717214748,-21.1%,PASS,1,956.5,1490.2,2675,1.1,12.0,0,default
WGS_PE_40G,PE,d0bromir_gpu,4,1,956.647,722563222,717214748,-31.2%,PASS,1,980.1,1519.4,3414,6.8,9.0,1360,default
WGS_PE_40G,PE,opengene,8,1,721.188,722563222,717214748,baseline,baseline,1,1144.1,1706.2,1311,0.9,10.0,0,default
WGS_PE_40G,PE,d0bromir_cpu,8,1,555.854,722563222,717214748,-22.9%,PASS+FQ,1,1573.4,2239.2,2980,0.9,12.0,0,default
WGS_PE_40G,PE,d0bromir_gpu,8,1,488.014,722563222,717214748,-32.3%,PASS+FQ,1,1655.6,2210.5,3722,13.4,16.0,1360,default
WGS_PE_40G,PE,opengene,16,1,628.411,0,0,baseline,TIMEOUT,1,1710.9,2474.2,1467,0.7,12.0,0,default
WGS_PE_40G,PE,d0bromir_cpu,16,1,290.554,722563222,717214748,-53.8%,SKIP,1,2786.8,3422.2,3535,1.0,9.0,0,default
WGS_PE_40G,PE,d0bromir_gpu,16,1,256.787,722563222,717214748,-59.1%,SKIP,1,2887.0,3533.4,4395,25.1,28.0,1360,default
WGS_PE_40G,PE,opengene,32,1,741.566,722563222,717214748,baseline,baseline,1,1734.8,2562.1,1788,1.1,12.0,0,default
WGS_PE_40G,PE,d0bromir_cpu,32,1,241.289,722563222,717214748,-67.5%,PASS,1,3515.7,4134.2,3522,0.6,2.0,0,default
WGS_PE_40G,PE,d0bromir_gpu,32,1,242.209,722563222,717214748,-67.3%,PASS,1,3166.5,3830.5,4433,26.9,30.0,1360,default
